,STATEFP,COUNTYFP,TRACTCE,POPULATION,LATITUDE,LONGITUDE,CensusTract
0,55,001,950100,2973,+44.204591,-089.794521,55001950100
1,55,001,950201,1379,+44.002663,-089.871206,55001950201
2,55,001,950202,2674,+44.085508,-089.812851,55001950202
3,55,001,950400,4767,+43.957111,-089.799668,55001950400
4,55,001,950501,1469,+43.898427,-089.907775,55001950501
5,55,001,950502,4112,+43.836332,-089.719305,55001950502
6,55,001,950700,3501,+43.721645,-089.711395,55001950700
7,55,003,940000,1867,+46.542445,-090.682170,55003940000
8,55,003,950300,2696,+46.581226,-090.882584,55003950300
9,55,003,950400,2410,+46.579521,-090.898565,55003950400
10,55,003,950500,2201,+46.448232,-090.843027,55003950500
11,55,003,950600,1391,+46.300193,-090.655994,55003950600
12,55,003,950700,2206,+46.071691,-090.532492,55003950700
13,55,003,950800,3386,+46.608755,-090.857826,55003950800
14,55,003,990000,0,+47.129128,-090.184655,55003990000
15,55,005,000100,3829,+45.591106,-091.760775,55005000100
16,55,005,000200,3933,+45.549028,-092.044701,55005000200
17,55,005,000300,4215,+45.431974,-092.053217,55005000300
18,55,005,000400,5465,+45.425097,-091.846456,55005000400
19,55,005,000500,4242,+45.501231,-091.747993,55005000500
20,55,005,000600,6182,+45.495048,-091.724756,55005000600
21,55,005,000800,5435,+45.437949,-091.708134,55005000800
22,55,005,000900,5123,+45.291566,-091.952168,55005000900
23,55,005,001001,1874,+45.297879,-091.715930,55005001001
24,55,005,001002,5572,+45.326848,-091.646675,55005001002
25,55,007,960100,2713,+46.843971,-090.847872,55007960100
26,55,007,960200,1679,+46.696471,-091.391042,55007960200
27,55,007,960300,3661,+46.670109,-090.922044,55007960300
28,55,007,960400,4926,+46.490666,-091.192824,55007960400
29,55,007,960600,2035,+46.250147,-091.303705,55007960600
30,55,007,990000,0,+46.967866,-091.195009,55007990000
31,55,009,000100,2690,+44.525870,-088.021439,55009000100
32,55,009,000200,5963,+44.532630,-088.036763,55009000200
33,55,009,000302,4553,+44.520772,-088.073756,55009000302
34,55,009,000303,2811,+44.534627,-088.065470,55009000303
35,55,009,000401,4632,+44.526607,-088.051653,55009000401
36,55,009,000402,2343,+44.512910,-088.063743,55009000402
37,55,009,000500,2953,+44.519873,-088.033065,55009000500
38,55,009,000600,4097,+44.508791,-088.052588,55009000600
39,55,009,000700,4945,+44.508149,-088.040266,55009000700
40,55,009,000800,1835,+44.511877,-088.026582,55009000800
41,55,009,000900,4029,+44.518737,-087.991091,55009000900
42,55,009,001000,1538,+44.511376,-088.014147,55009001000
43,55,009,001100,2081,+44.511129,-087.990432,55009001100
44,55,009,001200,2323,+44.509661,-088.002983,55009001200
45,55,009,001300,3022,+44.502962,-088.010182,55009001300
46,55,009,001400,3804,+44.498664,-087.999595,55009001400
47,55,009,001600,6505,+44.490288,-087.982671,55009001600
48,55,009,001701,3528,+44.516118,-087.971189,55009001701
49,55,009,001702,3529,+44.511794,-087.959860,55009001702
50,55,009,001801,4971,+44.515392,-087.925130,55009001801
51,55,009,001802,5449,+44.540313,-087.912408,55009001802
52,55,009,002001,8222,+44.497640,-087.961049,55009002001
53,55,009,002002,5157,+44.480031,-087.956818,55009002002
54,55,009,002003,3278,+44.491639,-087.923044,55009002003
55,55,009,010100,6254,+44.447983,-088.040352,55009010100
56,55,009,010201,4581,+44.441231,-088.075397,55009010201
57,55,009,010202,5002,+44.438383,-088.088613,55009010202
58,55,009,010300,6892,+44.433452,-088.053305,55009010300
59,55,009,020100,5645,+44.565520,-087.825563,55009020100
60,55,009,020203,6367,+44.630117,-088.048508,55009020203
61,55,009,020204,4979,+44.624198,-088.104716,55009020204
62,55,009,020502,5306,+44.550329,-088.065835,55009020502
63,55,009,020503,7705,+44.572738,-088.089651,55009020503
64,55,009,020504,4388,+44.572029,-088.114938,55009020504
65,55,009,020600,5172,+44.383166,-087.827331,55009020600
66,55,009,020702,5884,+44.419523,-087.989002,55009020702
67,55,009,020703,6963,+44.458638,-087.936021,55009020703
68,55,009,020704,7710,+44.468858,-087.985432,55009020704
69,55,009,020800,2230,+44.490607,-088.012475,55009020800
70,55,009,020900,2771,+44.478018,-088.019166,55009020900
71,55,009,021000,2731,+44.466787,-088.036155,55009021000
72,55,009,021100,1092,+44.470363,-088.036685,55009021100
73,55,009,021200,5151,+44.459750,-088.025428,55009021200
74,55,009,021301,3305,+44.499134,-088.072399,55009021301
75,55,009,021302,6183,+44.495375,-088.093411,55009021302
76,55,009,021303,3955,+44.486673,-088.063748,55009021303
77,55,009,021304,2117,+44.478040,-088.090520,55009021304
78,55,009,021400,7038,+44.344465,-088.111660,55009021400
79,55,009,021500,3118,+44.273750,-088.043296,55009021500
80,55,009,021600,5929,+44.650112,-088.204999,55009021600
81,55,009,940001,14585,+44.464753,-088.134311,55009940001
82,55,009,940002,4729,+44.518772,-088.121540,55009940002
83,55,009,940003,3298,+44.517428,-088.104785,55009940003
84,55,009,940004,2669,+44.515857,-088.091123,55009940004
85,55,011,960100,2726,+44.500526,-091.676196,55011960100
86,55,011,960200,2900,+44.570430,-091.667815,55011960200
87,55,011,960300,2163,+44.413930,-091.950705,55011960300
88,55,011,960400,2518,+44.266838,-091.830317,55011960400
89,55,011,960500,3280,+44.172112,-091.664728,55011960500
90,55,013,970400,3780,+45.946429,-092.251330,55013970400
91,55,013,970600,1913,+45.813950,-092.150665,55013970600
92,55,013,970700,2489,+45.872775,-092.361704,55013970700
93,55,013,970800,2329,+45.786649,-092.416764,55013970800
94,55,013,970900,3019,+45.786768,-092.691014,55013970900
95,55,013,971000,1927,+45.709839,-092.615824,55013971000
96,55,015,020100,4634,+44.182810,-088.081110,55015020100
97,55,015,020200,3908,+44.121973,-088.146155,55015020200
98,55,015,020303,3878,+44.238488,-088.393644,55015020303
99,55,015,020304,3827,+44.239824,-088.375102,55015020304
100,55,015,020306,6453,+44.201102,-088.294272,55015020306
101,55,015,020308,2997,+44.212792,-088.365878,55015020308
102,55,015,020400,3421,+44.030174,-088.276377,55015020400
103,55,015,020500,5106,+44.035715,-088.167693,55015020500
104,55,015,020600,5053,+43.939392,-088.090776,55015020600
105,55,015,020700,4136,+44.232123,-088.335035,55015020700
106,55,015,020800,5558,+44.227721,-088.382893,55015020800
107,55,017,010100,3004,+44.869757,-091.464192,55017010100
108,55,017,010200,6767,+44.906078,-091.406700,55017010200
109,55,017,010300,5465,+44.937439,-091.406512,55017010300
110,55,017,010400,4876,+44.930988,-091.518056,55017010400
111,55,017,010500,5378,+44.944058,-091.375468,55017010500
112,55,017,010700,7226,+44.922304,-091.320430,55017010700
113,55,017,010800,7061,+44.934232,-091.089382,55017010800
114,55,017,010900,4820,+45.046728,-090.980263,55017010900
115,55,017,011000,7085,+45.080220,-091.235277,55017011000
116,55,017,011100,4077,+45.207581,-091.412597,55017011100
117,55,017,011200,6656,+45.083363,-091.498555,55017011200
118,55,019,950100,4950,+44.954229,-090.333081,55019950100
119,55,019,950200,4520,+44.948861,-090.531781,55019950200
120,55,019,950300,4350,+44.962622,-090.793233,55019950300
121,55,019,950400,3988,+44.806680,-090.666741,55019950400
122,55,019,950500,5277,+44.776904,-090.442710,55019950500
123,55,019,950600,4797,+44.592110,-090.432600,55019950600
124,55,019,950700,3635,+44.570361,-090.595199,55019950700
125,55,019,950800,3173,+44.563885,-090.711882,55019950800
126,55,021,970100,4153,+43.558042,-089.105742,55021970100
127,55,021,970200,5868,+43.536309,-089.304646,55021970200
128,55,021,970300,4008,+43.618359,-089.705514,55021970300
129,55,021,970400,6557,+43.549503,-089.476295,55021970400
130,55,021,970500,4316,+43.548867,-089.455688,55021970500
131,55,021,970600,4632,+43.515190,-089.436735,55021970600
132,55,021,970700,4206,+43.404399,-089.426212,55021970700
133,55,021,970800,5605,+43.321165,-089.575166,55021970800
134,55,021,970900,4695,+43.361301,-089.491975,55021970900
135,55,021,971000,3971,+43.411069,-089.253004,55021971000
136,55,021,971100,3622,+43.376742,-089.074181,55021971100
137,55,021,971200,5200,+43.333130,-089.022782,55021971200
138,55,023,960100,2802,+43.356668,-090.799110,55023960100
139,55,023,960200,2291,+43.321811,-091.019745,55023960200
140,55,023,960300,2486,+43.184926,-090.899470,55023960300
141,55,023,960400,3233,+43.063750,-091.046205,55023960400
142,55,023,960500,1994,+43.053303,-091.143750,55023960500
143,55,023,960600,3838,+43.039360,-091.134307,55023960600
144,55,025,000100,2604,+43.082367,-089.475683,55025000100
145,55,025,000201,2149,+43.068903,-089.477340,55025000201
146,55,025,000202,3016,+43.066690,-089.493459,55025000202
147,55,025,000204,5012,+43.067506,-089.513015,55025000204
148,55,025,000205,5131,+43.080719,-089.504006,55025000205
149,55,025,000300,5380,+43.069066,-089.461000,55025000300
150,55,025,000401,3148,+43.055205,-089.448054,55025000401
151,55,025,000402,2451,+43.053849,-089.462776,55025000402
152,55,025,000405,5761,+43.046839,-089.511813,55025000405
153,55,025,000406,2968,+43.040815,-089.523751,55025000406
154,55,025,000407,5661,+43.039942,-089.492654,55025000407
155,55,025,000408,1685,+43.051944,-089.488260,55025000408
156,55,025,000501,4670,+43.033819,-089.472637,55025000501
157,55,025,000503,7033,+43.022942,-089.485917,55025000503
158,55,025,000504,6738,+43.022773,-089.511036,55025000504
159,55,025,000600,5647,+43.028221,-089.456488,55025000600
160,55,025,000700,3211,+43.042597,-089.447136,55025000700
161,55,025,000800,3557,+43.068539,-089.443699,55025000800
162,55,025,000901,2142,+43.065379,-089.422525,55025000901
163,55,025,000902,5310,+43.071383,-089.423719,55025000902
164,55,025,001000,2301,+43.057346,-089.429686,55025001000
165,55,025,001101,4197,+43.069885,-089.405203,55025001101
166,55,025,001102,3150,+43.076690,-089.409899,55025001102
167,55,025,001200,5890,+43.064065,-089.406368,55025001200
168,55,025,001300,2401,+43.054882,-089.393054,55025001300
169,55,025,001401,5941,+43.041031,-089.394211,55025001401
170,55,025,001402,5373,+43.031974,-089.421281,55025001402
171,55,025,001403,7672,+43.019770,-089.422881,55025001403
172,55,025,001501,1999,+43.048553,-089.346996,55025001501
173,55,025,001502,5399,+43.033559,-089.374204,55025001502
174,55,025,001603,3414,+43.073147,-089.395002,55025001603
175,55,025,001604,5053,+43.076568,-089.393097,55025001604
176,55,025,001605,2389,+43.068424,-089.389368,55025001605
177,55,025,001606,5463,+43.070991,-089.395924,55025001606
178,55,025,001704,3434,+43.071931,-089.386114,55025001704
179,55,025,001705,4073,+43.077829,-089.382871,55025001705
180,55,025,001802,2784,+43.085606,-089.376066,55025001802
181,55,025,001804,3326,+43.092424,-089.367842,55025001804
182,55,025,001900,6114,+43.085809,-089.360142,55025001900
183,55,025,002000,5875,+43.097510,-089.341410,55025002000
184,55,025,002100,4850,+43.103641,-089.351401,55025002100
185,55,025,002200,4254,+43.121339,-089.362201,55025002200
186,55,025,002301,2994,+43.135912,-089.384461,55025002301
187,55,025,002302,1810,+43.139301,-089.399041,55025002302
188,55,025,002401,3417,+43.144177,-089.377280,55025002401
189,55,025,002402,3407,+43.135048,-089.362864,55025002402
190,55,025,002500,1735,+43.121173,-089.338413,55025002500
191,55,025,002601,1809,+43.111859,-089.325076,55025002601
192,55,025,002602,5576,+43.135562,-089.310327,55025002602
193,55,025,002603,5249,+43.113445,-089.296115,55025002603
194,55,025,002700,3166,+43.091988,-089.323011,55025002700
195,55,025,002800,2233,+43.076820,-089.316962,55025002800
196,55,025,002900,3175,+43.060065,-089.316489,55025002900
197,55,025,003001,5134,+43.091558,-089.298594,55025003001
198,55,025,003002,3732,+43.101835,-089.301495,55025003002
199,55,025,003100,6422,+43.074631,-089.292727,55025003100
200,55,025,003200,2778,+43.086213,-089.438575,55025003200
201,55,025,010100,1538,+43.079638,-089.445603,55025010100
202,55,025,010200,1268,+43.111907,-089.371896,55025010200
203,55,025,010300,3404,+43.069009,-089.334312,55025010300
204,55,025,010400,3299,+43.054856,-089.333367,55025010400
205,55,025,010501,2817,+43.031548,-089.287194,55025010501
206,55,025,010502,7766,+43.015131,-089.288778,55025010502
207,55,025,010600,5141,+42.977739,-089.315750,55025010600
208,55,025,010701,5952,+43.004774,-089.439907,55025010701
209,55,025,010702,6290,+42.996708,-089.465782,55025010702
210,55,025,010800,10625,+43.001846,-089.529572,55025010800
211,55,025,010901,5652,+43.074254,-089.541707,55025010901
212,55,025,010903,2541,+43.035026,-089.548535,55025010903
213,55,025,010904,8075,+43.090350,-089.574286,55025010904
214,55,025,011000,4172,+43.091014,-089.505309,55025011000
215,55,025,011101,4573,+43.101089,-089.496811,55025011101
216,55,025,011102,8031,+43.115417,-089.481626,55025011102
217,55,025,011200,8440,+43.165838,-089.424393,55025011200
218,55,025,011301,6317,+43.193269,-089.460120,55025011301
219,55,025,011302,3015,+43.184582,-089.450880,55025011302
220,55,025,011401,6647,+43.087447,-089.269014,55025011401
221,55,025,011402,9048,+43.168070,-089.279849,55025011402
222,55,025,011503,8527,+43.201772,-089.233394,55025011503
223,55,025,011504,3770,+43.186566,-089.246780,55025011504
224,55,025,011505,4264,+43.185257,-089.227498,55025011505
225,55,025,011506,4785,+43.172464,-089.239133,55025011506
226,55,025,011600,6257,+43.186685,-089.200129,55025011600
227,55,025,011700,3900,+43.187968,-089.189882,55025011700
228,55,025,011800,5890,+43.175437,-089.066742,55025011800
229,55,025,011900,6701,+43.027502,-089.065000,55025011900
230,55,025,012001,8321,+43.090843,-089.204354,55025012001
231,55,025,012002,4804,+43.002614,-089.200401,55025012002
232,55,025,012100,2637,+42.878407,-089.083474,55025012100
233,55,025,012201,2001,+42.924176,-089.212168,55025012201
234,55,025,012202,6774,+42.926110,-089.235573,55025012202
235,55,025,012300,5304,+42.911484,-089.220388,55025012300
236,55,025,012400,4805,+42.889445,-089.386274,55025012400
237,55,025,012501,6551,+42.921088,-089.376167,55025012501
238,55,025,012502,5166,+42.931958,-089.398282,55025012502
239,55,025,012600,4389,+42.887847,-089.599137,55025012600
240,55,025,012700,3867,+43.010260,-089.736031,55025012700
241,55,025,012800,7688,+43.006399,-089.732130,55025012800
242,55,025,012900,3746,+43.180350,-089.667497,55025012900
243,55,025,013000,4220,+43.115234,-089.643455,55025013000
244,55,025,013100,4563,+43.165667,-089.774946,55025013100
245,55,025,013200,8573,+43.229827,-089.382476,55025013200
246,55,025,013301,4432,+43.242442,-089.332343,55025013301
247,55,025,013302,5620,+43.245941,-089.353033,55025013302
248,55,025,013700,4644,+42.980575,-089.526818,55025013700
249,55,025,991702,0,+43.105402,-089.419806,55025991702
250,55,025,991703,0,+43.068403,-089.358346,55025991703
251,55,027,960100,6008,+43.571043,-088.456850,55027960100
252,55,027,960200,3171,+43.541206,-088.639618,55027960200
253,55,027,960300,8003,+43.627064,-088.735361,55027960300
254,55,027,960400,4351,+43.493802,-088.821490,55027960400
255,55,027,960500,3885,+43.587917,-088.920374,55027960500
256,55,027,960600,3988,+43.489113,-088.948706,55027960600
257,55,027,960700,4606,+43.471836,-088.835015,55027960700
258,55,027,960800,3537,+43.462731,-088.826546,55027960800
259,55,027,960900,4167,+43.448870,-088.831307,55027960900
260,55,027,961000,4473,+43.452107,-088.844645,55027961000
261,55,027,961100,4550,+43.406842,-088.697455,55027961100
262,55,027,961200,3342,+43.449834,-088.631385,55027961200
263,55,027,961300,5345,+43.497425,-088.550249,55027961300
264,55,027,961400,4020,+43.420705,-088.519429,55027961400
265,55,027,961500,5220,+43.279240,-088.486479,55027961500
266,55,027,961600,4412,+43.297222,-088.599284,55027961600
267,55,027,961700,3058,+43.259648,-088.732823,55027961700
268,55,027,961800,4412,+43.305513,-088.895307,55027961800
269,55,027,961900,5784,+43.205610,-088.726550,55027961900
270,55,027,962000,2427,+43.200276,-088.715459,55027962000
271,55,029,100100,2212,+45.276930,-087.015570,55029100100
272,55,029,100300,2384,+45.148824,-087.163176,55029100300
273,55,029,100400,2559,+45.027033,-087.242361,55029100400
274,55,029,100500,3287,+44.914148,-087.301922,55029100500
275,55,029,100600,3337,+44.723909,-087.491320,55029100600
276,55,029,100700,4707,+44.842894,-087.365049,55029100700
277,55,029,100800,5263,+44.825460,-087.375408,55029100800
278,55,029,100900,1852,+44.823508,-087.457640,55029100900
279,55,029,101000,2184,+44.765289,-087.626350,55029101000
280,55,029,990000,0,+45.016322,-086.816520,55029990000
281,55,031,020300,2870,+46.724243,-092.091540,55031020300
282,55,031,020400,3189,+46.713997,-092.067840,55031020400
283,55,031,020500,3090,+46.715311,-092.092200,55031020500
284,55,031,020600,4438,+46.712025,-092.102620,55031020600
285,55,031,020700,4147,+46.711432,-092.129390,55031020700
286,55,031,020800,3477,+46.675376,-092.099183,55031020800
287,55,031,020900,2396,+46.702265,-092.049407,55031020900
288,55,031,021000,1955,+46.681345,-092.015800,55031021000
289,55,031,021100,2257,+46.728160,-092.098945,55031021100
290,55,031,030100,6247,+46.571868,-091.765283,55031030100
291,55,031,030200,5027,+46.579291,-092.067562,55031030200
292,55,031,030300,5066,+46.352720,-091.888024,55031030300
293,55,031,990000,0,+46.769671,-091.736036,55031990000
294,55,033,970100,3879,+45.135442,-091.888685,55033970100
295,55,033,970200,4737,+45.014351,-092.028087,55033970200
296,55,033,970300,5625,+44.974830,-091.788394,55033970300
297,55,033,970400,6094,+44.827133,-091.735167,55033970400
298,55,033,970500,6373,+44.903146,-091.911348,55033970500
299,55,033,970600,4128,+44.809737,-092.003163,55033970600
300,55,033,970700,6833,+44.861090,-091.933293,55033970700
301,55,033,970800,6188,+44.871087,-091.920983,55033970800
302,55,035,000100,4817,+44.680461,-091.074490,55035000100
303,55,035,000200,4806,+44.736844,-091.255339,55035000200
304,55,035,000301,3629,+44.832434,-091.404256,55035000301
305,55,035,000302,6638,+44.767414,-091.424989,55035000302
306,55,035,000400,7259,+44.802830,-091.435960,55035000400
307,55,035,000501,4864,+44.847020,-091.485219,55035000501
308,55,035,000502,4676,+44.843649,-091.463225,55035000502
309,55,035,000600,5107,+44.821063,-091.488253,55035000600
310,55,035,000700,4999,+44.806451,-091.480986,55035000700
311,55,035,000801,3544,+44.787659,-091.481664,55035000801
312,55,035,000802,3801,+44.773646,-091.477364,55035000802
313,55,035,000803,5737,+44.778312,-091.457856,55035000803
314,55,035,000900,4815,+44.784213,-091.509230,55035000900
315,55,035,001101,1939,+44.807497,-091.497721,55035001101
316,55,035,001200,5424,+44.806568,-091.512625,55035001200
317,55,035,001300,5131,+44.813042,-091.550571,55035001300
318,55,035,001400,6896,+44.823884,-091.525939,55035001400
319,55,035,001500,3288,+44.821306,-091.570414,55035001500
320,55,035,001600,5449,+44.697420,-091.514002,55035001600
321,55,035,001700,5917,+44.798253,-091.504972,55035001700
322,55,037,190100,2603,+45.903959,-088.244971,55037190100
323,55,037,190200,1820,+45.778729,-088.227530,55037190200
324,55,039,040100,4237,+43.786545,-088.431458,55039040100
325,55,039,040200,3021,+43.787627,-088.446496,55039040200
326,55,039,040300,5619,+43.786600,-088.470309,55039040300
327,55,039,040400,2849,+43.774157,-088.468263,55039040400
328,55,039,040500,3875,+43.777200,-088.445962,55039040500
329,55,039,040700,4263,+43.766179,-088.473614,55039040700
330,55,039,040800,4571,+43.767965,-088.440052,55039040800
331,55,039,040900,3263,+43.772943,-088.428637,55039040900
332,55,039,041000,2814,+43.758420,-088.437336,55039041000
333,55,039,041100,9745,+43.763660,-088.420258,55039041100
334,55,039,041300,6573,+43.812866,-088.488561,55039041300
335,55,039,041400,5893,+43.821415,-088.586749,55039041400
336,55,039,041500,3096,+43.845173,-088.825056,55039041500
337,55,039,041600,6037,+43.844761,-088.846488,55039041600
338,55,039,041700,3986,+43.735424,-088.783522,55039041700
339,55,039,041800,4851,+43.645884,-088.730071,55039041800
340,55,039,041900,7180,+43.676394,-088.393339,55039041900
341,55,039,042000,8718,+43.798361,-088.362408,55039042000
342,55,039,042100,4927,+43.842002,-088.236975,55039042100
343,55,039,042200,6115,+43.586824,-088.278216,55039042200
344,55,041,950100,1260,+45.743102,-088.850213,55041950100
345,55,041,950200,2806,+45.506226,-088.630492,55041950200
346,55,041,950300,2608,+45.565964,-088.842778,55041950300
347,55,041,950400,2630,+45.528354,-088.938978,55041950400
348,55,043,960100,3656,+43.107509,-090.472940,55043960100
349,55,043,960200,4376,+43.142537,-090.682053,55043960200
350,55,043,960300,4116,+42.999219,-090.667423,55043960300
351,55,043,960400,3509,+42.940380,-090.951456,55043960400
352,55,043,960500,3864,+42.784666,-090.890479,55043960500
353,55,043,960600,3784,+42.850878,-090.557288,55043960600
354,55,043,960700,4075,+42.846991,-090.711137,55043960700
355,55,043,960800,3037,+42.700514,-090.640282,55043960800
356,55,043,960900,4245,+42.734531,-090.474865,55043960900
357,55,043,961000,7749,+42.739126,-090.487094,55043961000
358,55,043,961100,4462,+42.617704,-090.513034,55043961100
359,55,043,961200,4335,+42.546178,-090.526575,55043961200
360,55,045,960100,6379,+42.799498,-089.502267,55045960100
361,55,045,960200,5684,+42.794815,-089.677936,55045960200
362,55,045,960300,4828,+42.665498,-089.503490,55045960300
363,55,045,960400,4380,+42.607380,-089.638483,55045960400
364,55,045,960500,3950,+42.592601,-089.651466,55045960500
365,55,045,960600,3282,+42.594969,-089.632286,55045960600
366,55,045,960700,3997,+42.569525,-089.660621,55045960700
367,55,045,960800,4342,+42.609519,-089.380053,55045960800
368,55,047,100100,3208,+43.963739,-088.945699,55047100100
369,55,047,100200,2996,+43.974093,-088.949129,55047100200
370,55,047,100300,3039,+43.877609,-089.092307,55047100300
371,55,047,100400,2837,+43.841845,-088.946791,55047100400
372,55,047,100500,3073,+43.731945,-089.141979,55047100500
373,55,047,100600,3898,+43.709543,-089.002241,55047100600
374,55,049,950100,3753,+43.109669,-089.983468,55049950100
375,55,049,950200,3147,+43.103057,-090.334234,55049950200
376,55,049,950300,3248,+42.925697,-090.316005,55049950300
377,55,049,950400,5288,+42.961944,-090.130765,55049950400
378,55,049,950500,4755,+42.952930,-089.932656,55049950500
379,55,049,950600,3496,+42.862929,-090.175697,55049950600
380,55,051,180100,2514,+46.442318,-090.207067,55051180100
381,55,051,180200,1493,+46.449505,-090.320946,55051180200
382,55,051,180300,1909,+46.160356,-090.086259,55051180300
383,55,051,990000,0,+46.692917,-090.416589,55051990000
384,55,053,960100,3987,+44.278173,-090.723962,55053960100
385,55,053,960200,3293,+44.410588,-090.859014,55053960200
386,55,053,960300,4077,+44.437028,-091.059669,55053960300
387,55,053,960400,4268,+44.206890,-091.003916,55053960400
388,55,053,960500,4824,+44.295908,-090.853365,55053960500
389,55,055,100100,5794,+43.180697,-088.708554,55055100100
390,55,055,100200,3660,+43.191941,-088.716825,55055100200
391,55,055,100300,6312,+43.187981,-088.740072,55055100300
392,55,055,100400,5816,+43.165297,-088.944520,55055100400
393,55,055,100500,6350,+43.078326,-088.902991,55055100500
394,55,055,100601,1535,+43.074313,-088.958479,55055100601
395,55,055,100602,3299,+42.994117,-088.962918,55055100602
396,55,055,100700,4630,+43.065343,-088.770844,55055100700
397,55,055,100800,4006,+43.033157,-088.596422,55055100800
398,55,055,100900,3868,+42.961114,-088.698776,55055100900
399,55,055,101000,3881,+43.012760,-088.807208,55055101000
400,55,055,101100,4477,+42.997675,-088.811895,55055101100
401,55,055,101201,2190,+42.896708,-088.923542,55055101201
402,55,055,101202,1612,+42.886943,-088.823779,55055101202
403,55,055,101300,5795,+42.936006,-088.849160,55055101300
404,55,055,101400,3453,+42.914414,-088.842302,55055101400
405,55,055,101500,3959,+42.925941,-088.831272,55055101500
406,55,055,101600,6925,+42.862580,-088.675341,55055101600
407,55,055,101701,1385,+43.121273,-088.730424,55055101701
408,55,055,101702,4739,+43.147627,-088.592546,55055101702
409,55,057,100100,2874,+44.075428,-090.085825,55057100100
410,55,057,100200,3669,+43.868486,-090.224418,55057100200
411,55,057,100300,3246,+43.965451,-090.044612,55057100300
412,55,057,100400,5169,+43.852741,-090.095242,55057100400
413,55,057,100500,4286,+43.796012,-090.080991,55057100500
414,55,057,100600,3383,+43.703922,-090.249386,55057100600
415,55,057,100700,4037,+43.704151,-089.944979,55057100700
416,55,059,000100,5770,+42.640387,-087.829371,55059000100
417,55,059,000300,4973,+42.605594,-087.822142,55059000300
418,55,059,000400,3620,+42.606655,-087.834187,55059000400
419,55,059,000500,5267,+42.620526,-087.835484,55059000500
420,55,059,000601,6602,+42.628207,-087.893146,55059000601
421,55,059,000602,7910,+42.618157,-087.859262,55059000602
422,55,059,000700,5530,+42.594625,-087.858557,55059000700
423,55,059,000800,2704,+42.594124,-087.840993,55059000800
424,55,059,000900,4251,+42.591488,-087.831626,55059000900
425,55,059,001000,2313,+42.584367,-087.820097,55059001000
426,55,059,001100,3219,+42.580560,-087.832654,55059001100
427,55,059,001200,4078,+42.582715,-087.848478,55059001200
428,55,059,001300,4136,+42.585027,-087.868139,55059001300
429,55,059,001400,7144,+42.574378,-087.870591,55059001400
430,55,059,001500,3738,+42.570590,-087.851368,55059001500
431,55,059,001600,3436,+42.574169,-087.834852,55059001600
432,55,059,001700,2665,+42.568369,-087.834725,55059001700
433,55,059,001800,2298,+42.571835,-087.822578,55059001800
434,55,059,001900,2351,+42.571220,-087.816755,55059001900
435,55,059,002000,5870,+42.518829,-087.831113,55059002000
436,55,059,002100,5246,+42.548681,-087.829070,55059002100
437,55,059,002200,3562,+42.562351,-087.835102,55059002200
438,55,059,002300,5955,+42.552296,-087.846144,55059002300
439,55,059,002400,4720,+42.553744,-087.861567,55059002400
440,55,059,002500,3478,+42.553711,-087.879211,55059002500
441,55,059,002601,8493,+42.574274,-087.926720,55059002601
442,55,059,002602,8602,+42.536765,-087.897489,55059002602
443,55,059,002700,5517,+42.542086,-088.029237,55059002700
444,55,059,002800,6335,+42.599564,-088.157223,55059002800
445,55,059,002903,3210,+42.554815,-088.167016,55059002903
446,55,059,002904,5500,+42.524807,-088.138020,55059002904
447,55,059,002905,3874,+42.572137,-088.101545,55059002905
448,55,059,002906,4884,+42.521766,-088.093738,55059002906
449,55,059,003001,4312,+42.526680,-088.278906,55059003001
450,55,059,003002,4863,+42.523214,-088.239071,55059003002
451,55,059,990000,0,+42.579669,-087.422097,55059990000
452,55,061,960100,3162,+44.608027,-087.443368,55061960100
453,55,061,960200,2647,+44.608170,-087.514251,55061960200
454,55,061,960400,8589,+44.546924,-087.673498,55061960400
455,55,061,960500,6176,+44.424821,-087.580622,55061960500
456,55,061,990000,0,+44.500882,-087.160414,55061990000
457,55,063,000100,4712,+43.851741,-091.239266,55063000100
458,55,063,000200,5077,+43.836148,-091.244074,55063000200
459,55,063,000300,2292,+43.808331,-091.249913,55063000300
460,55,063,000400,5498,+43.811639,-091.243336,55063000400
461,55,063,000500,4773,+43.816216,-091.230993,55063000500
462,55,063,000600,2142,+43.813287,-091.220906,55063000600
463,55,063,000700,4430,+43.801753,-091.214949,55063000700
464,55,063,000800,3049,+43.806684,-091.233658,55063000800
465,55,063,000900,3742,+43.796194,-091.246610,55063000900
466,55,063,001000,3790,+43.793141,-091.234424,55063001000
467,55,063,001101,2131,+43.793115,-091.225783,55063001101
468,55,063,001102,3910,+43.772314,-091.217655,55063001102
469,55,063,001200,4172,+43.783188,-091.210169,55063001200
470,55,063,010101,5566,+43.949506,-091.014728,55063010101
471,55,063,010102,4598,+43.900293,-091.084140,55063010102
472,55,063,010201,9503,+43.960699,-091.238205,55063010201
473,55,063,010202,6688,+43.969809,-091.283113,55063010202
474,55,063,010203,1887,+43.937428,-091.305130,55063010203
475,55,063,010300,4488,+43.860493,-091.265680,55063010300
476,55,063,010401,5214,+43.895050,-091.183694,55063010401
477,55,063,010402,9163,+43.900000,-091.231883,55063010402
478,55,063,010500,5761,+43.876118,-091.214847,55063010500
479,55,063,010600,3266,+43.838257,-091.157907,55063010600
480,55,063,010700,5484,+43.764783,-091.181651,55063010700
481,55,063,010800,3302,+43.803258,-091.039454,55063010800
482,55,065,970100,3035,+42.744528,-089.912199,55065970100
483,55,065,970200,3895,+42.701041,-090.132211,55065970200
484,55,065,970300,3433,+42.697204,-090.346619,55065970300
485,55,065,970400,3196,+42.566835,-090.303856,55065970400
486,55,065,970500,3277,+42.594251,-089.978819,55065970500
487,55,067,960100,2703,+45.395490,-089.146408,55067960100
488,55,067,960300,2620,+45.205854,-089.178650,55067960300
489,55,067,960400,3930,+45.107631,-089.059316,55067960400
490,55,067,960500,1880,+45.216685,-088.820402,55067960500
491,55,067,960600,4718,+45.140191,-089.161385,55067960600
492,55,067,960700,4126,+45.141645,-089.143580,55067960700
493,55,069,960100,2286,+45.501152,-089.592796,55069960100
494,55,069,960200,2623,+45.475439,-089.726029,55069960200
495,55,069,960300,1775,+45.507713,-089.792915,55069960300
496,55,069,960400,1929,+45.265376,-089.834769,55069960400
497,55,069,960500,1832,+45.430381,-089.660675,55069960500
498,55,069,960600,4446,+45.194643,-089.595216,55069960600
499,55,069,960700,3907,+45.241649,-089.689936,55069960700
500,55,069,960800,3439,+45.179828,-089.717363,55069960800
501,55,069,960900,2898,+45.184349,-089.695915,55069960900
502,55,069,961000,3608,+45.180007,-089.671863,55069961000
503,55,071,000100,5236,+44.119855,-087.650692,55071000100
504,55,071,000200,2404,+44.112262,-087.675928,55071000200
505,55,071,000300,5615,+44.114218,-087.702875,55071000300
506,55,071,000400,4176,+44.102747,-087.659403,55071000400
507,55,071,000500,2850,+44.091874,-087.675338,55071000500
508,55,071,000600,5369,+44.084109,-087.697024,55071000600
509,55,071,000700,5901,+44.075775,-087.673317,55071000700
510,55,071,000800,4046,+44.078646,-087.661618,55071000800
511,55,071,005100,2430,+44.158408,-087.559726,55071005100
512,55,071,005200,4551,+44.166952,-087.584019,55071005200
513,55,071,005300,2071,+44.155651,-087.570719,55071005300
514,55,071,005400,3116,+44.143199,-087.585400,55071005400
515,55,071,010100,4507,+44.232218,-087.615942,55071010100
516,55,071,010200,5891,+44.239662,-087.747923,55071010200
517,55,071,010300,4493,+44.166449,-087.936897,55071010300
518,55,071,010400,6182,+44.062042,-087.882792,55071010400
519,55,071,010500,3636,+44.061571,-087.749441,55071010500
520,55,071,010600,5103,+43.932859,-087.849338,55071010600
521,55,071,010700,3865,+43.915571,-088.025366,55071010700
522,55,071,990000,0,+44.104606,-087.310738,55071990000
523,55,073,000100,3138,+44.962523,-089.626135,55073000100
524,55,073,000200,2932,+44.969761,-089.617179,55073000200
525,55,073,000300,5188,+44.987504,-089.612590,55073000300
526,55,073,000400,6150,+44.980079,-089.642950,55073000400
527,55,073,000500,2970,+44.965090,-089.644573,55073000500
528,55,073,000601,2066,+44.950926,-089.654707,55073000601
529,55,073,000602,4083,+44.949347,-089.641150,55073000602
530,55,073,000700,5382,+44.951513,-089.613253,55073000700
531,55,073,000800,3463,+44.934799,-089.623447,55073000800
532,55,073,000900,2240,+44.913760,-089.612031,55073000900
533,55,073,001000,3626,+44.883875,-089.618732,55073001000
534,55,073,001102,7996,+44.923346,-089.553355,55073001102
535,55,073,001103,5083,+44.910616,-089.568391,55073001103
536,55,073,001104,5926,+44.897852,-089.589171,55073001104
537,55,073,001201,8096,+44.831997,-089.626163,55073001201
538,55,073,001202,5321,+44.803557,-089.721407,55073001202
539,55,073,001300,6811,+44.913003,-089.665524,55073001300
540,55,073,001400,6635,+44.967001,-089.716888,55073001400
541,55,073,001500,4134,+45.047628,-089.643161,55073001500
542,55,073,001600,6057,+44.952097,-089.372535,55073001600
543,55,073,001700,3696,+44.774297,-089.357516,55073001700
544,55,073,001800,5449,+44.743634,-089.814820,55073001800
545,55,073,001900,5933,+44.912636,-089.899656,55073001900
546,55,073,002000,3839,+44.806877,-090.063754,55073002000
547,55,073,002100,7190,+44.738380,-090.231269,55073002100
548,55,073,002200,3490,+44.934695,-090.251765,55073002200
549,55,073,002300,7169,+45.031074,-089.992166,55073002300
550,55,075,960100,3038,+45.735319,-087.981312,55075960100
551,55,075,960200,4232,+45.559109,-088.107454,55075960200
552,55,075,960600,2428,+45.359167,-087.950980,55075960600
553,55,075,960700,2847,+45.263434,-088.159982,55075960700
554,55,075,960800,2490,+45.238521,-087.991820,55075960800
555,55,075,960900,2758,+45.199973,-087.747589,55075960900
556,55,075,961000,4131,+45.099130,-087.997081,55075961000
557,55,075,961100,5461,+45.055510,-087.774071,55075961100
558,55,075,961200,2822,+45.039328,-087.683128,55075961200
559,55,075,961300,3080,+45.098068,-087.649783,55075961300
560,55,075,961400,4528,+45.086798,-087.629503,55075961400
561,55,075,961500,3934,+45.086649,-087.611699,55075961500
562,55,075,990000,0,+44.953451,-087.636264,55075990000
563,55,077,960100,2823,+43.947952,-089.362749,55077960100
564,55,077,960200,2493,+43.825935,-089.343940,55077960200
565,55,077,960300,3831,+43.760625,-089.327850,55077960300
566,55,077,960400,2602,+43.704027,-089.478758,55077960400
567,55,077,960500,3655,+43.835542,-089.533162,55077960500
568,55,078,940101,1375,+44.875198,-088.633638,55078940101
569,55,078,940102,2857,+44.932370,-088.644981,55078940102
570,55,079,000101,4822,+43.184840,-088.006802,55079000101
571,55,079,000102,3507,+43.165632,-088.010310,55079000102
572,55,079,000201,5450,+43.178599,-088.035007,55079000201
573,55,079,000202,6101,+43.163958,-088.036591,55079000202
574,55,079,000301,1483,+43.132478,-088.061191,55079000301
575,55,079,000302,3028,+43.137567,-088.042634,55079000302
576,55,079,000303,1873,+43.129104,-088.046493,55079000303
577,55,079,000304,3382,+43.143454,-088.022595,55079000304
578,55,079,000400,2439,+43.111360,-088.051419,55079000400
579,55,079,000501,3450,+43.113132,-088.044309,55079000501
580,55,079,000502,4878,+43.122099,-088.030704,55079000502
581,55,079,000600,6290,+43.138132,-088.007140,55079000600
582,55,079,000700,3580,+43.159467,-087.985336,55079000700
583,55,079,000800,5129,+43.140904,-087.977017,55079000800
584,55,079,000900,3694,+43.146766,-087.960087,55079000900
585,55,079,001000,3654,+43.123131,-087.956019,55079001000
586,55,079,001100,2800,+43.127467,-087.962376,55079001100
587,55,079,001200,2985,+43.124076,-087.987877,55079001200
588,55,079,001300,3733,+43.123429,-087.998030,55079001300
589,55,079,001400,2595,+43.132021,-088.016635,55079001400
590,55,079,001500,3173,+43.122894,-088.014555,55079001500
591,55,079,001600,2990,+43.115310,-088.014812,55079001600
592,55,079,001700,4458,+43.108884,-088.016895,55079001700
593,55,079,001800,3153,+43.116158,-087.997316,55079001800
594,55,079,001900,3518,+43.115749,-087.984172,55079001900
595,55,079,002000,2470,+43.115338,-087.966654,55079002000
596,55,079,002100,2474,+43.115394,-087.954303,55079002100
597,55,079,002200,1790,+43.115695,-087.935898,55079002200
598,55,079,002300,4406,+43.106570,-087.938241,55079002300
599,55,079,002400,2244,+43.105350,-087.950210,55079002400
600,55,079,002500,2195,+43.107949,-087.961915,55079002500
601,55,079,002600,2829,+43.100940,-087.961656,55079002600
602,55,079,002700,1995,+43.100995,-087.971540,55079002700
603,55,079,002800,2252,+43.107927,-087.972069,55079002800
604,55,079,002900,2179,+43.108220,-087.981708,55079002900
605,55,079,003000,3782,+43.108453,-087.995119,55079003000
606,55,079,003100,3572,+43.100670,-087.986412,55079003100
607,55,079,003200,2819,+43.100924,-088.001055,55079003200
608,55,079,003300,5182,+43.100922,-088.016746,55079003300
609,55,079,003400,5533,+43.093488,-088.025918,55079003400
610,55,079,003500,3410,+43.094109,-087.998418,55079003500
611,55,079,003600,1893,+43.093012,-087.983587,55079003600
612,55,079,003700,2315,+43.085482,-087.983321,55079003700
613,55,079,003800,2196,+43.086276,-087.972560,55079003800
614,55,079,003900,2630,+43.085915,-087.962392,55079003900
615,55,079,004000,2662,+43.093797,-087.971744,55079004000
616,55,079,004100,2565,+43.093677,-087.960420,55079004100
617,55,079,004200,3047,+43.095567,-087.945909,55079004200
618,55,079,004300,5349,+43.094341,-087.933221,55079004300
619,55,079,004400,3333,+43.088369,-087.909277,55079004400
620,55,079,004500,2478,+43.085424,-087.922773,55079004500
621,55,079,004600,2984,+43.085956,-087.931877,55079004600
622,55,079,004700,4021,+43.086353,-087.943361,55079004700
623,55,079,004800,4002,+43.076807,-087.961800,55079004800
624,55,079,004900,4506,+43.076871,-087.972062,55079004900
625,55,079,005000,4707,+43.076541,-087.983237,55079005000
626,55,079,005100,3401,+43.084771,-087.996997,55079005100
627,55,079,005200,1657,+43.086355,-088.011927,55079005200
628,55,079,005300,1920,+43.079093,-088.012240,55079005300
629,55,079,005400,3690,+43.082624,-088.022638,55079005400
630,55,079,005500,3318,+43.082611,-088.032612,55079005500
631,55,079,005600,2198,+43.070636,-088.025491,55079005600
632,55,079,005700,2371,+43.071305,-088.012707,55079005700
633,55,079,005800,3430,+43.072189,-087.999970,55079005800
634,55,079,005900,3614,+43.068361,-087.984607,55079005900
635,55,079,006000,2658,+43.067976,-087.975543,55079006000
636,55,079,006100,2320,+43.068215,-087.969048,55079006100
637,55,079,006200,2923,+43.067920,-087.961097,55079006200
638,55,079,006300,2462,+43.076606,-087.950667,55079006300
639,55,079,006400,2510,+43.074077,-087.942841,55079006400
640,55,079,006500,2628,+43.079545,-087.942155,55079006500
641,55,079,006600,3053,+43.074487,-087.929575,55079006600
642,55,079,006700,1492,+43.074293,-087.920021,55079006700
643,55,079,006800,2813,+43.079765,-087.926090,55079006800
644,55,079,006900,2585,+43.079685,-087.910348,55079006900
645,55,079,007000,3020,+43.074301,-087.909993,55079007000
646,55,079,007100,1912,+43.073729,-087.901756,55079007100
647,55,079,007200,2791,+43.078164,-087.898743,55079007200
648,55,079,007300,2477,+43.078648,-087.888067,55079007300
649,55,079,007400,4122,+43.079118,-087.878492,55079007400
650,55,079,007500,2706,+43.071157,-087.878441,55079007500
651,55,079,007600,3275,+43.064542,-087.879655,55079007600
652,55,079,007700,3807,+43.064493,-087.886689,55079007700
653,55,079,007800,3446,+43.071312,-087.886427,55079007800
654,55,079,007900,2224,+43.066158,-087.897569,55079007900
655,55,079,008000,1951,+43.067611,-087.902777,55079008000
656,55,079,008100,1331,+43.067532,-087.907370,55079008100
657,55,079,008400,1315,+43.067567,-087.924084,55079008400
658,55,079,008500,1309,+43.067858,-087.929964,55079008500
659,55,079,008600,1500,+43.067818,-087.935162,55079008600
660,55,079,008700,1410,+43.067658,-087.940150,55079008700
661,55,079,008800,2121,+43.067871,-087.946115,55079008800
662,55,079,008900,1462,+43.067962,-087.954572,55079008900
663,55,079,009000,2544,+43.060458,-087.961405,55079009000
664,55,079,009100,2425,+43.060689,-087.968206,55079009100
665,55,079,009200,1901,+43.060704,-087.975434,55079009200
666,55,079,009300,2535,+43.060788,-087.982935,55079009300
667,55,079,009400,2423,+43.053475,-087.983076,55079009400
668,55,079,009500,2121,+43.052896,-087.975399,55079009500
669,55,079,009600,2317,+43.052561,-087.960934,55079009600
670,55,079,009700,1939,+43.053663,-087.953042,55079009700
671,55,079,009800,1433,+43.059794,-087.955204,55079009800
672,55,079,009900,1458,+43.060100,-087.946642,55079009900
673,55,079,010600,1192,+43.060117,-087.907428,55079010600
674,55,079,010700,2208,+43.060582,-087.901821,55079010700
675,55,079,010800,2469,+43.056595,-087.890600,55079010800
676,55,079,011000,3428,+43.049859,-087.897220,55079011000
677,55,079,011100,1481,+43.049209,-087.901582,55079011100
678,55,079,011200,2219,+43.055074,-087.897231,55079011200
679,55,079,011300,1829,+43.047937,-087.906185,55079011300
680,55,079,011400,1137,+43.054595,-087.908944,55079011400
681,55,079,012200,2557,+43.048858,-087.952792,55079012200
682,55,079,012300,1122,+43.044864,-087.961000,55079012300
683,55,079,012400,2592,+43.046736,-087.973845,55079012400
684,55,079,012500,2014,+43.038069,-087.977786,55079012500
685,55,079,012600,2169,+43.033959,-087.994967,55079012600
686,55,079,012700,1189,+43.031003,-088.011706,55079012700
687,55,079,012800,2958,+43.032252,-088.025953,55079012800
688,55,079,012900,2942,+43.028308,-087.999527,55079012900
689,55,079,013000,1800,+43.027608,-087.987867,55079013000
690,55,079,013300,1066,+43.034631,-087.962219,55079013300
691,55,079,013400,2335,+43.035780,-087.953746,55079013400
692,55,079,013500,1911,+43.040306,-087.952765,55079013500
693,55,079,013600,2489,+43.044347,-087.953055,55079013600
694,55,079,013700,1578,+43.042355,-087.945092,55079013700
695,55,079,014100,1551,+43.049225,-087.920712,55079014100
696,55,079,014300,2297,+43.043738,-087.901043,55079014300
697,55,079,014400,2612,+43.043896,-087.906763,55079014400
698,55,079,014600,3946,+43.041212,-087.930766,55079014600
699,55,079,014700,3291,+43.041500,-087.935036,55079014700
700,55,079,014800,2403,+43.040674,-087.939701,55079014800
701,55,079,014900,1483,+43.037247,-087.944210,55079014900
702,55,079,015700,3231,+43.021184,-087.927696,55079015700
703,55,079,015800,3058,+43.021316,-087.937943,55079015800
704,55,079,015900,3819,+43.021704,-087.947439,55079015900
705,55,079,016000,3310,+43.021151,-087.957109,55079016000
706,55,079,016100,3574,+43.016679,-087.957444,55079016100
707,55,079,016200,3366,+43.016626,-087.946951,55079016200
708,55,079,016300,5124,+43.015945,-087.937831,55079016300
709,55,079,016400,4948,+43.016686,-087.927596,55079016400
710,55,079,016500,2695,+43.016287,-087.918250,55079016500
711,55,079,016600,2313,+43.011069,-087.915725,55079016600
712,55,079,016700,3355,+43.010256,-087.921970,55079016700
713,55,079,016800,3450,+43.009512,-087.929287,55079016800
714,55,079,016900,4130,+43.009465,-087.937491,55079016900
715,55,079,017000,6112,+43.010390,-087.947507,55079017000
716,55,079,017100,2937,+43.010377,-087.956813,55079017100
717,55,079,017200,2509,+43.003560,-087.956308,55079017200
718,55,079,017300,3894,+43.003694,-087.948698,55079017300
719,55,079,017400,2953,+43.004742,-087.937808,55079017400
720,55,079,017500,4185,+43.002839,-087.929769,55079017500
721,55,079,017600,3195,+43.001918,-087.922589,55079017600
722,55,079,017900,3003,+42.998902,-087.904984,55079017900
723,55,079,018000,2749,+43.001534,-087.899126,55079018000
724,55,079,018100,1637,+42.996079,-087.888824,55079018100
725,55,079,018200,1608,+42.990536,-087.880927,55079018200
726,55,079,018300,2344,+42.991310,-087.892923,55079018300
727,55,079,018400,1404,+42.993210,-087.905892,55079018400
728,55,079,018500,1633,+42.978015,-087.913851,55079018500
729,55,079,018600,3000,+42.996237,-087.922632,55079018600
730,55,079,018700,3876,+42.995787,-087.929953,55079018700
731,55,079,018800,2066,+43.000388,-087.936097,55079018800
732,55,079,018900,1635,+42.996657,-087.952961,55079018900
733,55,079,019000,4545,+42.993824,-087.970807,55079019000
734,55,079,019100,3584,+42.983286,-087.966889,55079019100
735,55,079,019200,3186,+42.992226,-087.985998,55079019200
736,55,079,019300,2557,+42.995419,-087.996273,55079019300
737,55,079,019400,3732,+42.984532,-088.027694,55079019400
738,55,079,019500,3350,+42.977224,-088.026374,55079019500
739,55,079,019600,3616,+42.984854,-088.008480,55079019600
740,55,079,019700,5344,+42.975509,-088.008545,55079019700
741,55,079,019800,4913,+42.982010,-087.989895,55079019800
742,55,079,019900,3479,+42.973355,-087.980735,55079019900
743,55,079,020000,3411,+42.982129,-087.953770,55079020000
744,55,079,020100,3529,+42.984763,-087.941029,55079020100
745,55,079,020200,3024,+42.977788,-087.940700,55079020200
746,55,079,020300,3773,+42.980662,-087.928380,55079020300
747,55,079,020400,3216,+42.988611,-087.930070,55079020400
748,55,079,020500,2921,+42.988522,-087.922710,55079020500
749,55,079,020600,3525,+42.981915,-087.904544,55079020600
750,55,079,020700,4311,+42.979977,-087.893356,55079020700
751,55,079,020800,3009,+42.984861,-087.879621,55079020800
752,55,079,020900,2553,+42.970116,-087.901542,55079020900
753,55,079,021000,2189,+42.963167,-087.901595,55079021000
754,55,079,021100,1364,+42.969987,-087.913531,55079021100
755,55,079,021200,2097,+42.964288,-087.916757,55079021200
756,55,079,021300,1631,+42.969357,-087.939028,55079021300
757,55,079,021400,3288,+42.962244,-087.939137,55079021400
758,55,079,021500,2824,+42.952873,-087.944054,55079021500
759,55,079,021600,4365,+42.951730,-087.931331,55079021600
760,55,079,021700,6142,+42.934923,-087.936408,55079021700
761,55,079,021800,2223,+42.940413,-087.956843,55079021800
762,55,079,030100,4300,+43.182418,-087.905397,55079030100
763,55,079,035100,2257,+43.155586,-087.896776,55079035100
764,55,079,035200,4435,+43.160018,-087.907538,55079035200
765,55,079,040100,1597,+43.172578,-087.933514,55079040100
766,55,079,050101,5990,+43.176521,-087.984882,55079050101
767,55,079,050102,6009,+43.176115,-087.967368,55079050102
768,55,079,060101,4038,+43.139922,-087.926122,55079060101
769,55,079,060102,3138,+43.148864,-087.938888,55079060102
770,55,079,060200,5705,+43.120191,-087.927303,55079060200
771,55,079,070100,4373,+43.119474,-087.907570,55079070100
772,55,079,070200,5172,+43.111289,-087.894924,55079070200
773,55,079,070300,4541,+43.106699,-087.904319,55079070300
774,55,079,080100,2680,+43.095750,-087.896166,55079080100
775,55,079,080200,3368,+43.094278,-087.887817,55079080200
776,55,079,080300,3884,+43.089521,-087.878850,55079080300
777,55,079,080400,3254,+43.086020,-087.887815,55079080400
778,55,079,090100,4558,+43.098027,-088.040583,55079090100
779,55,079,090200,1800,+43.082297,-088.042394,55079090200
780,55,079,090300,3297,+43.065708,-088.057694,55079090300
781,55,079,090600,4642,+43.037600,-088.053702,55079090600
782,55,079,090700,3159,+43.061599,-088.026816,55079090700
783,55,079,090800,2363,+43.063060,-088.017404,55079090800
784,55,079,090900,3837,+43.060961,-088.000695,55079090900
785,55,079,091000,4438,+43.064406,-087.996958,55079091000
786,55,079,091100,4250,+43.055245,-088.005109,55079091100
787,55,079,091200,4699,+43.047478,-088.003028,55079091200
788,55,079,091300,3737,+43.037420,-088.009669,55079091300
789,55,079,091400,2195,+43.039966,-087.993833,55079091400
790,55,079,100100,3693,+43.016212,-087.985841,55079100100
791,55,079,100200,3724,+43.013052,-087.990917,55079100200
792,55,079,100300,3067,+43.016744,-088.003467,55079100300
793,55,079,100400,2801,+43.014866,-088.009835,55079100400
794,55,079,100500,3557,+43.013572,-088.024929,55079100500
795,55,079,100600,2103,+43.020122,-088.022425,55079100600
796,55,079,100700,2834,+43.020829,-088.037092,55079100700
797,55,079,100800,2975,+43.019913,-088.056836,55079100800
798,55,079,100900,3662,+43.009523,-088.045244,55079100900
799,55,079,101000,5121,+42.988974,-088.056810,55079101000
800,55,079,101100,1812,+42.991910,-088.043089,55079101100
801,55,079,101200,3240,+42.991218,-088.026582,55079101200
802,55,079,101300,3142,+42.999136,-088.027711,55079101300
803,55,079,101400,3660,+43.006223,-088.027085,55079101400
804,55,079,101500,4420,+43.007015,-088.007147,55079101500
805,55,079,101600,4582,+43.002940,-087.988578,55079101600
806,55,079,101700,3369,+43.001908,-088.006699,55079101700
807,55,079,101800,2649,+42.993506,-088.009236,55079101800
808,55,079,110100,4305,+43.015705,-087.974929,55079110100
809,55,079,120101,3953,+42.960069,-088.049675,55079120101
810,55,079,120102,3891,+42.973570,-088.046367,55079120102
811,55,079,120201,3606,+42.968307,-088.020506,55079120201
812,55,079,120202,3173,+42.966787,-087.996347,55079120202
813,55,079,120203,3529,+42.957444,-088.003399,55079120203
814,55,079,120300,1987,+42.980744,-087.972983,55079120300
815,55,079,120400,7312,+42.967298,-087.968146,55079120400
816,55,079,120501,3960,+42.938860,-087.964331,55079120501
817,55,079,120502,5246,+42.952137,-087.965664,55079120502
818,55,079,130100,4869,+42.942427,-088.045383,55079130100
819,55,079,130200,2822,+42.937623,-088.057775,55079130200
820,55,079,140100,2999,+42.941499,-088.019750,55079140100
821,55,079,140201,5235,+42.939762,-087.998081,55079140201
822,55,079,140202,5812,+42.934430,-087.980690,55079140202
823,55,079,150100,8972,+42.916283,-087.976509,55079150100
824,55,079,150301,5906,+42.906252,-088.052499,55079150301
825,55,079,150303,4856,+42.890390,-088.021256,55079150303
826,55,079,150304,4041,+42.917056,-088.032730,55079150304
827,55,079,160100,6528,+42.915914,-087.912266,55079160100
828,55,079,160202,7310,+42.883775,-087.879645,55079160202
829,55,079,160203,6069,+42.893783,-087.919072,55079160203
830,55,079,160204,4962,+42.880686,-087.929533,55079160204
831,55,079,160300,9582,+42.857391,-087.898064,55079160300
832,55,079,170100,2689,+42.922673,-087.856496,55079170100
833,55,079,170200,3869,+42.924374,-087.872703,55079170200
834,55,079,170300,2662,+42.910192,-087.875077,55079170300
835,55,079,170400,3362,+42.898629,-087.873058,55079170400
836,55,079,170500,2471,+42.897428,-087.857170,55079170500
837,55,079,170600,3384,+42.908881,-087.863765,55079170600
838,55,079,170700,2719,+42.905031,-087.852112,55079170700
839,55,079,180100,3029,+42.961940,-087.857805,55079180100
840,55,079,180200,4536,+42.954805,-087.855472,55079180200
841,55,079,180300,3371,+42.951114,-087.867811,55079180300
842,55,079,180400,2735,+42.937543,-087.855916,55079180400
843,55,079,180500,4596,+42.937259,-087.871975,55079180500
844,55,079,185100,4210,+42.973231,-087.864148,55079185100
845,55,079,185200,5149,+42.968358,-087.880995,55079185200
846,55,079,185300,3438,+43.053639,-088.054254,55079185300
847,55,079,185400,1639,+43.060859,-087.937183,55079185400
848,55,079,185500,1709,+43.060981,-087.927747,55079185500
849,55,079,185600,1776,+43.060493,-087.914078,55079185600
850,55,079,185700,2124,+43.067410,-087.914657,55079185700
851,55,079,185800,1606,+43.054239,-087.942847,55079185800
852,55,079,185900,1213,+43.054152,-087.933112,55079185900
853,55,079,186000,1451,+43.054103,-087.920875,55079186000
854,55,079,186100,2275,+43.048724,-087.942139,55079186100
855,55,079,186200,1422,+43.048803,-087.933195,55079186200
856,55,079,186300,3268,+43.041382,-087.921351,55079186300
857,55,079,186400,1643,+43.038722,-087.926792,55079186400
858,55,079,186500,1667,+43.021976,-087.916840,55079186500
859,55,079,186600,2152,+43.001208,-087.916774,55079186600
860,55,079,186800,1614,+43.024560,-087.951334,55079186800
861,55,079,186900,2213,+43.049693,-087.892319,55079186900
862,55,079,187000,3288,+43.054590,-087.888761,55079187000
863,55,079,187200,5384,+42.882798,-087.996771,55079187200
864,55,079,187300,6293,+42.886408,-087.965383,55079187300
865,55,079,187400,2341,+43.030675,-087.907454,55079187400
866,55,079,980000,0,+43.051192,-087.883057,55079980000
867,55,079,990000,0,+43.017662,-087.477827,55079990000
868,55,081,950100,4563,+44.067503,-090.486448,55081950100
869,55,081,950200,4892,+44.021045,-090.778356,55081950200
870,55,081,950300,6117,+43.938191,-090.829314,55081950300
871,55,081,950400,4610,+43.947267,-090.805158,55081950400
872,55,081,950500,5769,+43.984960,-090.517641,55081950500
873,55,081,950600,4321,+43.986312,-090.498398,55081950600
874,55,081,950700,4511,+43.888988,-090.395366,55081950700
875,55,081,950800,4421,+43.835185,-090.566680,55081950800
876,55,081,950900,5469,+43.818525,-090.800259,55081950900
877,55,083,100300,2756,+45.286310,-088.539098,55083100300
878,55,083,100500,2218,+45.115147,-088.288301,55083100500
879,55,083,100600,2828,+44.985569,-088.411973,55083100600
880,55,083,100700,2963,+44.907768,-088.305364,55083100700
881,55,083,100800,2507,+44.978184,-088.108531,55083100800
882,55,083,100900,2924,+44.912344,-087.878386,55083100900
883,55,083,101000,3939,+44.885639,-087.900486,55083101000
884,55,083,101100,4588,+44.817668,-088.038660,55083101100
885,55,083,101200,4152,+44.877713,-088.153630,55083101200
886,55,083,101300,8785,+44.718873,-088.118816,55083101300
887,55,083,990000,0,+44.781522,-087.840616,55083990000
888,55,085,970101,1554,+45.817155,-089.131165,55085970101
889,55,085,970102,3629,+45.665701,-089.236685,55085970102
890,55,085,970400,3026,+45.613748,-089.381706,55085970400
891,55,085,970500,1761,+45.606407,-089.521173,55085970500
892,55,085,970601,1927,+45.668246,-089.485908,55085970601
893,55,085,970602,3661,+45.750187,-089.414155,55085970602
894,55,085,970800,2390,+45.878171,-089.668944,55085970800
895,55,085,970900,2363,+45.780660,-089.681891,55085970900
896,55,085,971001,1181,+45.667310,-089.739584,55085971001
897,55,085,971002,2337,+45.854546,-089.800181,55085971002
898,55,085,971100,2006,+45.585355,-089.702067,55085971100
899,55,085,971300,1875,+45.868263,-089.712573,55085971300
900,55,085,971400,3668,+45.633550,-089.405852,55085971400
901,55,085,971500,4620,+45.646910,-089.411361,55085971500
902,55,087,010100,2762,+44.265302,-088.405299,55087010100
903,55,087,010200,4048,+44.267995,-088.424282,55087010200
904,55,087,010300,2391,+44.268400,-088.410784,55087010300
905,55,087,010500,4451,+44.265818,-088.391866,55087010500
906,55,087,010601,3629,+44.265205,-088.367784,55087010601
907,55,087,010602,3971,+44.252980,-088.368326,55087010602
908,55,087,010700,4339,+44.249260,-088.388937,55087010700
909,55,087,010800,1557,+44.246905,-088.412491,55087010800
910,55,087,010900,2134,+44.249002,-088.434567,55087010900
911,55,087,011000,5665,+44.256792,-088.435977,55087011000
912,55,087,011101,4971,+44.288075,-088.427750,55087011101
913,55,087,011102,7305,+44.285180,-088.447475,55087011102
914,55,087,011200,2912,+44.276983,-088.426446,55087011200
915,55,087,011300,3008,+44.276469,-088.406300,55087011300
916,55,087,011400,5306,+44.288935,-088.404705,55087011400
917,55,087,011501,3353,+44.279721,-088.385501,55087011501
918,55,087,011502,4496,+44.288946,-088.382934,55087011502
919,55,087,011600,6552,+44.259369,-088.339146,55087011600
920,55,087,011700,2605,+44.271080,-088.331405,55087011700
921,55,087,011800,1832,+44.279829,-088.314008,55087011800
922,55,087,011900,7952,+44.287287,-088.310012,55087011900
923,55,087,012000,6543,+44.255950,-088.309786,55087012000
924,55,087,012100,7690,+44.263391,-088.277425,55087012100
925,55,087,012200,1952,+44.276021,-088.276008,55087012200
926,55,087,012300,1647,+44.285602,-088.266917,55087012300
927,55,087,012400,2654,+44.290622,-088.272428,55087012400
928,55,087,012503,3654,+44.308334,-088.403031,55087012503
929,55,087,012504,3031,+44.312505,-088.369055,55087012504
930,55,087,012505,3094,+44.306851,-088.453951,55087012505
931,55,087,012506,4078,+44.261321,-088.481836,55087012506
932,55,087,012601,8333,+44.295750,-088.527868,55087012601
933,55,087,012602,4707,+44.286127,-088.630209,55087012602
934,55,087,012700,6282,+44.357229,-088.674185,55087012700
935,55,087,012800,7399,+44.423110,-088.518641,55087012800
936,55,087,012901,5975,+44.375830,-088.309342,55087012901
937,55,087,012902,3425,+44.367784,-088.427292,55087012902
938,55,087,013100,5814,+44.507587,-088.327845,55087013100
939,55,087,013200,3949,+44.531989,-088.575295,55087013200
940,55,087,013300,6551,+44.301730,-088.263716,55087013300
941,55,087,940000,4678,+44.472700,-088.235054,55087940000
942,55,089,610101,4331,+43.480419,-087.971676,55089610101
943,55,089,610102,3660,+43.499645,-087.846647,55089610102
944,55,089,620100,6079,+43.391808,-087.959423,55089620100
945,55,089,630100,2655,+43.390346,-087.875454,55089630100
946,55,089,630201,4743,+43.407872,-087.871354,55089630201
947,55,089,630202,5202,+43.384494,-087.895533,55089630202
948,55,089,640100,5700,+43.321030,-087.955976,55089640100
949,55,089,640200,7790,+43.324157,-087.934847,55089640200
950,55,089,650101,6516,+43.308378,-087.977195,55089650101
951,55,089,650102,2761,+43.303412,-087.997039,55089650102
952,55,089,650200,5038,+43.287224,-087.987225,55089650200
953,55,089,650300,5371,+43.324209,-088.017855,55089650300
954,55,089,660100,3235,+43.236753,-087.978948,55089660100
955,55,089,660201,3954,+43.227253,-088.025437,55089660201
956,55,089,660202,5678,+43.241147,-087.965399,55089660202
957,55,089,660301,5699,+43.234960,-087.943933,55089660301
958,55,089,660303,4822,+43.208244,-087.945024,55089660303
959,55,089,660304,3161,+43.205489,-087.910044,55089660304
960,55,089,990000,0,+43.360715,-087.496553,55089990000
961,55,091,950100,4051,+44.634287,-091.888913,55091950100
962,55,091,950200,3418,+44.539093,-092.107955,55091950200
963,55,093,960100,2843,+44.804356,-092.199075,55093960100
964,55,093,960200,5996,+44.818337,-092.500114,55093960200
965,55,093,960300,5667,+44.854700,-092.616152,55093960300
966,55,093,960400,5192,+44.849546,-092.633231,55093960400
967,55,093,960500,7892,+44.770615,-092.758503,55093960500
968,55,093,960600,4857,+44.650096,-092.546319,55093960600
969,55,093,960700,4874,+44.734436,-092.472333,55093960700
970,55,093,960800,3698,+44.646370,-092.284917,55093960800
971,55,095,960100,3722,+45.652061,-092.387993,55095960100
972,55,095,960200,3796,+45.586971,-092.552049,55095960200
973,55,095,960300,5236,+45.516934,-092.478156,55095960300
974,55,095,960500,2951,+45.394380,-092.313651,55095960500
975,55,095,960600,2344,+45.446349,-092.461419,55095960600
976,55,095,960700,5803,+45.406002,-092.609376,55095960700
977,55,095,960800,6465,+45.302478,-092.668747,55095960800
978,55,095,960900,5215,+45.292924,-092.502925,55095960900
979,55,095,961000,4766,+45.294943,-092.361156,55095961000
980,55,095,961100,3907,+45.292779,-092.230154,55095961100
981,55,097,960100,4495,+44.595005,-089.355045,55097960100
982,55,097,960200,4540,+44.597827,-089.677086,55097960200
983,55,097,960300,3918,+44.534817,-089.586069,55097960300
984,55,097,960400,7212,+44.530765,-089.564105,55097960400
985,55,097,960500,6987,+44.545863,-089.522789,55097960500
986,55,097,960600,5249,+44.467231,-089.347482,55097960600
987,55,097,960701,5385,+44.470160,-089.530304,55097960701
988,55,097,960702,3360,+44.491378,-089.531198,55097960702
989,55,097,960800,5312,+44.507016,-089.549922,55097960800
990,55,097,960900,3420,+44.519161,-089.565797,55097960900
991,55,097,961000,2753,+44.521810,-089.580124,55097961000
992,55,097,961100,6321,+44.487752,-089.585431,55097961100
993,55,097,961200,6036,+44.407835,-089.607624,55097961200
994,55,097,961300,5031,+44.332006,-089.382066,55097961300
995,55,099,970100,2664,+45.897704,-090.414865,55099970100
996,55,099,970200,2740,+45.935685,-090.443488,55099970200
997,55,099,970400,1861,+45.697151,-090.498905,55099970400
998,55,099,970500,2112,+45.698865,-090.373192,55099970500
999,55,099,970600,2268,+45.549270,-090.246609,55099970600
1000,55,099,970700,2514,+45.512049,-090.416517,55099970700
1001,55,101,000100,918,+42.729482,-087.783569,55101000100
1002,55,101,000200,5962,+42.717345,-087.785737,55101000200
1003,55,101,000300,3648,+42.714052,-087.792001,55101000300
1004,55,101,000400,3924,+42.736609,-087.791253,55101000400
1005,55,101,000500,5269,+42.722031,-087.801196,55101000500
1006,55,101,000600,5515,+42.719079,-087.811858,55101000600
1007,55,101,000700,5608,+42.703116,-087.808366,55101000700
1008,55,101,000800,4531,+42.691044,-087.805810,55101000800
1009,55,101,000901,3783,+42.702269,-087.825405,55101000901
1010,55,101,000903,4093,+42.686694,-087.826717,55101000903
1011,55,101,000904,5392,+42.686607,-087.845266,55101000904
1012,55,101,001001,2705,+42.710794,-087.842610,55101001001
1013,55,101,001002,2635,+42.713768,-087.831202,55101001002
1014,55,101,001003,3800,+42.714162,-087.821106,55101001003
1015,55,101,001100,6192,+42.725934,-087.831808,55101001100
1016,55,101,001201,3744,+42.755038,-087.813737,55101001201
1017,55,101,001202,6512,+42.739323,-087.810462,55101001202
1018,55,101,001301,3609,+42.751089,-087.793575,55101001301
1019,55,101,001302,3997,+42.745262,-087.789165,55101001302
1020,55,101,001400,6732,+42.763072,-087.791384,55101001400
1021,55,101,001501,3779,+42.812209,-087.812610,55101001501
1022,55,101,001502,7094,+42.788192,-087.812487,55101001502
1023,55,101,001504,2781,+42.784397,-087.791603,55101001504
1024,55,101,001505,4432,+42.780408,-087.779330,55101001505
1025,55,101,001601,6054,+42.798216,-087.896060,55101001601
1026,55,101,001602,2949,+42.766172,-087.853800,55101001602
1027,55,101,001701,3445,+42.707761,-087.860018,55101001701
1028,55,101,001702,6707,+42.700045,-087.896113,55101001702
1029,55,101,001703,4371,+42.734572,-087.898576,55101001703
1030,55,101,001705,5337,+42.746294,-087.851356,55101001705
1031,55,101,001706,3675,+42.729112,-087.860957,55101001706
1032,55,101,001801,5198,+42.684998,-088.048515,55101001801
1033,55,101,001802,2788,+42.720483,-088.004049,55101001802
1034,55,101,001900,3870,+42.802299,-088.010443,55101001900
1035,55,101,002001,2987,+42.825655,-088.167865,55101002001
1036,55,101,002002,4961,+42.808085,-088.133761,55101002002
1037,55,101,002100,3324,+42.702185,-088.122961,55101002100
1038,55,101,002401,5727,+42.680480,-088.285978,55101002401
1039,55,101,002402,5116,+42.678604,-088.266081,55101002402
1040,55,101,002600,5739,+42.650084,-088.256662,55101002600
1041,55,101,002701,4048,+42.772147,-088.213063,55101002701
1042,55,101,002702,5839,+42.740545,-088.231309,55101002702
1043,55,101,002800,5891,+42.805088,-088.226398,55101002800
1044,55,101,980000,727,+42.691950,-088.081163,55101980000
1045,55,101,990000,0,+42.754074,-087.414676,55101990000
1046,55,103,970100,2858,+43.511005,-090.425732,55103970100
1047,55,103,970200,4911,+43.373487,-090.413137,55103970200
1048,55,103,970300,2428,+43.345798,-090.385229,55103970300
1049,55,103,970400,3584,+43.331970,-090.386842,55103970400
1050,55,103,970500,4240,+43.233307,-090.347012,55103970500
1051,55,105,000100,897,+42.684502,-089.023431,55105000100
1052,55,105,000200,2864,+42.683330,-089.010860,55105000200
1053,55,105,000300,2705,+42.675269,-089.025210,55105000300
1054,55,105,000400,3736,+42.680778,-089.039429,55105000400
1055,55,105,000500,4287,+42.694806,-089.042868,55105000500
1056,55,105,000600,3295,+42.694749,-089.019342,55105000600
1057,55,105,000700,3960,+42.707621,-088.993239,55105000700
1058,55,105,000800,3856,+42.694995,-089.003013,55105000800
1059,55,105,000900,2790,+42.686532,-088.992337,55105000900
1060,55,105,001000,3279,+42.666281,-089.013373,55105001000
1061,55,105,001100,5479,+42.657203,-089.043432,55105001100
1062,55,105,001201,5541,+42.654792,-089.070872,55105001201
1063,55,105,001202,5758,+42.730900,-089.049103,55105001202
1064,55,105,001302,6664,+42.684962,-088.965324,55105001302
1065,55,105,001303,4603,+42.738578,-088.969329,55105001303
1066,55,105,001304,8084,+42.711509,-088.972201,55105001304
1067,55,105,001400,5810,+42.631851,-089.029961,55105001400
1068,55,105,001500,2326,+42.503065,-089.028504,55105001500
1069,55,105,001600,5050,+42.502108,-089.048242,55105001600
1070,55,105,001700,5385,+42.513069,-089.046762,55105001700
1071,55,105,001800,4147,+42.517836,-089.023577,55105001800
1072,55,105,001900,2734,+42.507891,-089.018969,55105001900
1073,55,105,002000,3848,+42.505444,-089.062538,55105002000
1074,55,105,002100,3834,+42.525233,-089.058234,55105002100
1075,55,105,002200,2307,+42.539161,-089.083119,55105002200
1076,55,105,002300,1871,+42.530846,-089.028172,55105002300
1077,55,105,002400,3530,+42.554293,-089.029526,55105002400
1078,55,105,002500,2595,+42.536605,-089.016126,55105002500
1079,55,105,002601,5472,+42.536216,-089.004252,55105002601
1080,55,105,002602,3917,+42.533484,-088.965462,55105002602
1081,55,105,002700,2571,+42.547900,-089.222376,55105002700
1082,55,105,002800,5201,+42.658765,-089.229641,55105002800
1083,55,105,002900,8058,+42.780532,-089.297431,55105002900
1084,55,105,003001,5037,+42.836284,-089.070990,55105003001
1085,55,105,003002,4996,+42.812541,-089.065712,55105003002
1086,55,105,003100,7581,+42.784416,-088.951837,55105003100
1087,55,105,003200,2663,+42.739538,-088.834326,55105003200
1088,55,105,003300,3600,+42.560298,-088.858664,55105003300
1089,55,107,960100,3792,+45.508650,-090.964521,55107960100
1090,55,107,960200,2028,+45.453626,-091.397647,55107960200
1091,55,107,960300,2245,+45.405298,-091.291985,55107960300
1092,55,107,960400,2981,+45.378767,-091.064008,55107960400
1093,55,107,960500,3709,+45.464674,-091.096483,55107960500
1094,55,109,120100,2033,+44.980104,-092.752895,55109120100
1095,55,109,120201,5861,+44.975288,-092.735633,55109120201
1096,55,109,120202,5161,+44.986999,-092.664732,55109120202
1097,55,109,120300,5794,+44.999654,-092.740155,55109120300
1098,55,109,120400,10513,+45.103267,-092.697100,55109120400
1099,55,109,120501,5445,+45.116210,-092.557207,55109120501
1100,55,109,120502,5201,+45.115163,-092.522291,55109120502
1101,55,109,120600,7569,+45.138519,-092.524841,55109120600
1102,55,109,120700,4569,+45.028470,-092.192611,55109120700
1103,55,109,120800,8341,+44.968586,-092.340225,55109120800
1104,55,109,120901,4121,+44.872887,-092.619667,55109120901
1105,55,109,120903,8609,+44.936760,-092.717934,55109120903
1106,55,109,120904,4036,+44.926558,-092.573618,55109120904
1107,55,109,121000,7092,+44.986806,-092.494130,55109121000
1108,55,111,000100,6616,+43.567642,-089.773550,55111000100
1109,55,111,000200,4901,+43.541422,-089.902253,55111000200
1110,55,111,000300,6785,+43.465787,-089.754868,55111000300
1111,55,111,000401,5147,+43.479973,-089.740060,55111000401
1112,55,111,000402,3464,+43.468641,-089.722566,55111000402
1113,55,111,000500,3338,+43.379122,-089.718195,55111000500
1114,55,111,000600,6578,+43.302225,-089.766192,55111000600
1115,55,111,000700,2725,+43.274218,-089.732912,55111000700
1116,55,111,000800,3873,+43.192082,-090.053796,55111000800
1117,55,111,000900,4792,+43.553601,-090.122190,55111000900
1118,55,111,001001,6742,+43.543184,-089.995910,55111001001
1119,55,111,001002,2881,+43.528818,-090.005644,55111001002
1120,55,111,001100,4134,+43.345127,-090.068353,55111001100
1121,55,113,100300,4584,+46.011070,-091.483754,55113100300
1122,55,113,100400,2205,+45.844961,-091.482213,55113100400
1123,55,113,100500,3394,+46.050626,-091.325566,55113100500
1124,55,113,100700,1654,+45.743939,-091.222744,55113100700
1125,55,113,100800,1658,+45.819678,-090.962704,55113100800
1126,55,113,940000,3062,+45.931242,-091.342250,55113940000
1127,55,115,100100,2797,+44.804349,-088.398285,55115100100
1128,55,115,100200,1796,+44.813121,-088.524975,55115100200
1129,55,115,100300,3672,+44.818581,-088.599704,55115100300
1130,55,115,100400,4649,+44.780327,-088.605251,55115100400
1131,55,115,100500,4899,+44.771262,-088.595576,55115100500
1132,55,115,100600,4240,+44.859080,-088.845492,55115100600
1133,55,115,100700,3423,+44.847231,-089.045393,55115100700
1134,55,115,100800,4860,+44.873542,-089.176092,55115100800
1135,55,115,100900,3820,+44.718053,-088.745944,55115100900
1136,55,115,101000,3801,+44.738173,-088.412593,55115101000
1137,55,115,101100,3992,+44.646845,-088.377810,55115101100
1138,55,117,000100,3827,+43.768000,-087.708166,55117000100
1139,55,117,000201,2912,+43.764935,-087.718407,55117000201
1140,55,117,000202,4149,+43.776608,-087.719394,55117000202
1141,55,117,000300,7111,+43.770991,-087.741152,55117000300
1142,55,117,000400,4412,+43.757918,-087.744763,55117000400
1143,55,117,000500,3898,+43.757705,-087.721497,55117000500
1144,55,117,000800,5397,+43.740065,-087.718837,55117000800
1145,55,117,000900,5126,+43.733285,-087.735289,55117000900
1146,55,117,001000,7415,+43.717530,-087.729050,55117001000
1147,55,117,001100,3627,+43.720756,-087.715748,55117001100
1148,55,117,010100,1531,+43.854241,-087.815418,55117010100
1149,55,117,010200,4598,+43.828075,-087.841049,55117010200
1150,55,117,010300,3101,+43.839840,-087.994270,55117010300
1151,55,117,010400,2622,+43.788069,-088.079089,55117010400
1152,55,117,010501,7914,+43.749344,-087.985378,55117010501
1153,55,117,010502,3478,+43.754470,-087.959290,55117010502
1154,55,117,010601,5594,+43.726155,-087.821253,55117010601
1155,55,117,010602,3793,+43.750310,-087.836177,55117010602
1156,55,117,010700,8202,+43.773169,-087.771112,55117010700
1157,55,117,010800,3507,+43.687725,-087.736418,55117010800
1158,55,117,010900,3208,+43.667079,-087.856923,55117010900
1159,55,117,011000,2754,+43.667125,-087.982968,55117011000
1160,55,117,011100,4171,+43.647464,-088.108769,55117011100
1161,55,117,011200,3615,+43.572730,-087.968264,55117011200
1162,55,117,011300,7121,+43.597553,-087.814552,55117011300
1163,55,117,011400,2424,+43.754989,-087.708992,55117011400
1164,55,117,990000,0,+43.718795,-087.417335,55117990000
1165,55,119,960100,4290,+45.255724,-090.199259,55119960100
1166,55,119,960200,2331,+45.281570,-090.548856,55119960200
1167,55,119,960300,3001,+45.137808,-090.786710,55119960300
1168,55,119,960400,4853,+45.155874,-090.370426,55119960400
1169,55,119,960500,2789,+45.138895,-090.349643,55119960500
1170,55,119,960600,3425,+45.079918,-090.370325,55119960600
1171,55,121,100100,3262,+44.547558,-091.238229,55121100100
1172,55,121,100200,3309,+44.549436,-091.420389,55121100200
1173,55,121,100300,2455,+44.346602,-091.427194,55121100300
1174,55,121,100400,3912,+44.381331,-091.287213,55121100400
1175,55,121,100500,3091,+44.268835,-091.250178,55121100500
1176,55,121,100600,4072,+44.243273,-091.488924,55121100600
1177,55,121,100700,5045,+44.045698,-091.428067,55121100700
1178,55,121,100800,3670,+44.113612,-091.305718,55121100800
1179,55,123,960100,4266,+43.643732,-090.393205,55123960100
1180,55,123,960200,4186,+43.648019,-090.663163,55123960200
1181,55,123,960300,4307,+43.648895,-090.850205,55123960300
1182,55,123,960400,4876,+43.556347,-090.888011,55123960400
1183,55,123,960500,3507,+43.481795,-090.840610,55123960500
1184,55,123,960600,4614,+43.647420,-091.026652,55123960600
1185,55,123,960700,4017,+43.595661,-091.190192,55123960700
1186,55,125,940000,3473,+45.970820,-089.878246,55125940000
1187,55,125,950200,4140,+46.032210,-089.175498,55125950200
1188,55,125,950500,5772,+45.916283,-089.290838,55125950500
1189,55,125,950600,3739,+46.115861,-089.664232,55125950600
1190,55,125,950700,4306,+45.927502,-089.641977,55125950700
1191,55,127,000101,6003,+42.799494,-088.401067,55127000101
1192,55,127,000102,2398,+42.802376,-088.351640,55127000102
1193,55,127,000200,6556,+42.749653,-088.443622,55127000200
1194,55,127,000301,3140,+42.774284,-088.682468,55127000301
1195,55,127,000302,6225,+42.740438,-088.597624,55127000302
1196,55,127,000400,3855,+42.832889,-088.723184,55127000400
1197,55,127,000501,3766,+42.839455,-088.748769,55127000501
1198,55,127,000502,3675,+42.830452,-088.748114,55127000502
1199,55,127,000600,5641,+42.568735,-088.716591,55127000600
1200,55,127,000701,4121,+42.630706,-088.662363,55127000701
1201,55,127,000702,4613,+42.631070,-088.637574,55127000702
1202,55,127,000800,4574,+42.610777,-088.601820,55127000800
1203,55,127,000901,5977,+42.675755,-088.553449,55127000901
1204,55,127,000902,3430,+42.675287,-088.532921,55127000902
1205,55,127,001000,5241,+42.640167,-088.412365,55127001000
1206,55,127,001501,3075,+42.610458,-088.494327,55127001501
1207,55,127,001502,5379,+42.597790,-088.445797,55127001502
1208,55,127,001602,5643,+42.577001,-088.447292,55127001602
1209,55,127,001603,2687,+42.578819,-088.553333,55127001603
1210,55,127,001604,5056,+42.535010,-088.583043,55127001604
1211,55,127,001701,5811,+42.547731,-088.355941,55127001701
1212,55,127,001702,5362,+42.516565,-088.408484,55127001702
1213,55,129,950100,2044,+46.086073,-091.823347,55129950100
1214,55,129,950200,1767,+45.938213,-091.878651,55129950200
1215,55,129,950300,2691,+45.824523,-091.618206,55129950300
1216,55,129,950500,5100,+45.796720,-091.847283,55129950500
1217,55,129,950600,4309,+45.770626,-091.941209,55129950600
1218,55,131,400102,3931,+43.436234,-088.145948,55131400102
1219,55,131,400103,4014,+43.492474,-088.105019,55131400103
1220,55,131,400104,5715,+43.412728,-088.105424,55131400104
1221,55,131,410100,5057,+43.516597,-088.225348,55131410100
1222,55,131,420103,6039,+43.392351,-088.226013,55131420103
1223,55,131,420104,5096,+43.437208,-088.226256,55131420104
1224,55,131,420105,4671,+43.440737,-088.176391,55131420105
1225,55,131,420106,3619,+43.440576,-088.199847,55131420106
1226,55,131,420200,5408,+43.413550,-088.193476,55131420200
1227,55,131,420300,5873,+43.410195,-088.171429,55131420300
1228,55,131,420401,1933,+43.425309,-088.182083,55131420401
1229,55,131,420402,2093,+43.430018,-088.200526,55131420402
1230,55,131,430100,5664,+43.444184,-088.332729,55131430100
1231,55,131,440103,4827,+43.330080,-088.376180,55131440103
1232,55,131,440104,5614,+43.307825,-088.374670,55131440104
1233,55,131,440105,3338,+43.326048,-088.326584,55131440105
1234,55,131,440106,3747,+43.239351,-088.363561,55131440106
1235,55,131,440200,4040,+43.316990,-088.377795,55131440200
1236,55,131,450103,5109,+43.334739,-088.154762,55131450103
1237,55,131,450104,6264,+43.310351,-088.144123,55131450104
1238,55,131,450105,2588,+43.344799,-088.245612,55131450105
1239,55,131,450106,5944,+43.324528,-088.277786,55131450106
1240,55,131,460101,6262,+43.237763,-088.255752,55131460101
1241,55,131,460102,5038,+43.224212,-088.215190,55131460102
1242,55,131,470100,5157,+43.228732,-088.143385,55131470100
1243,55,131,470202,6278,+43.208583,-088.112696,55131470202
1244,55,131,470203,4242,+43.225946,-088.108105,55131470203
1245,55,131,470204,4326,+43.204465,-088.091704,55131470204
1246,55,133,200101,4480,+43.177608,-088.131869,55133200101
1247,55,133,200102,4852,+43.179633,-088.114816,55133200102
1248,55,133,200103,3122,+43.171953,-088.094558,55133200103
1249,55,133,200201,3595,+43.160553,-088.117076,55133200201
1250,55,133,200202,4206,+43.159534,-088.088839,55133200202
1251,55,133,200300,4178,+43.139462,-088.162832,55133200300
1252,55,133,200400,6582,+43.136476,-088.090989,55133200400
1253,55,133,200500,5667,+43.111818,-088.111010,55133200500
1254,55,133,200600,1841,+43.105741,-088.071042,55133200600
1255,55,133,200700,3808,+43.097038,-088.100505,55133200700
1256,55,133,200801,5114,+43.068071,-088.183893,55133200801
1257,55,133,200803,4493,+43.092181,-088.136987,55133200803
1258,55,133,200804,3624,+43.070163,-088.142185,55133200804
1259,55,133,200901,3932,+43.075795,-088.083843,55133200901
1260,55,133,200902,4005,+43.074759,-088.108676,55133200902
1261,55,133,201000,6027,+43.047996,-088.086267,55133201000
1262,55,133,201101,4656,+43.035307,-088.111163,55133201101
1263,55,133,201102,2867,+43.022431,-088.080360,55133201102
1264,55,133,201201,2119,+43.049260,-088.176335,55133201201
1265,55,133,201202,6032,+43.043288,-088.150397,55133201202
1266,55,133,201203,3233,+43.034746,-088.136418,55133201203
1267,55,133,201300,4855,+42.998665,-088.161496,55133201300
1268,55,133,201402,4656,+43.000860,-088.079111,55133201402
1269,55,133,201403,4265,+43.011004,-088.106403,55133201403
1270,55,133,201404,3844,+42.990857,-088.101238,55133201404
1271,55,133,201503,6647,+42.975030,-088.078445,55133201503
1272,55,133,201504,6210,+42.938617,-088.079085,55133201504
1273,55,133,201505,2936,+42.966584,-088.117394,55133201505
1274,55,133,201506,4697,+42.968224,-088.099273,55133201506
1275,55,133,201600,5117,+42.953299,-088.163346,55133201600
1276,55,133,201701,4594,+42.917047,-088.141616,55133201701
1277,55,133,201703,6097,+42.905909,-088.120295,55133201703
1278,55,133,201704,5206,+42.889078,-088.165140,55133201704
1279,55,133,201800,1503,+42.925123,-088.102696,55133201800
1280,55,133,201900,5169,+42.887559,-088.093828,55133201900
1281,55,133,202001,4995,+42.902444,-088.262239,55133202001
1282,55,133,202002,4030,+42.886420,-088.212384,55133202002
1283,55,133,202101,4094,+42.968893,-088.286292,55133202101
1284,55,133,202102,4650,+42.968123,-088.259911,55133202102
1285,55,133,202103,3409,+42.962581,-088.211404,55133202103
1286,55,133,202201,4329,+43.005321,-088.273911,55133202201
1287,55,133,202202,5774,+43.006617,-088.253195,55133202202
1288,55,133,202301,4494,+42.980044,-088.250398,55133202301
1289,55,133,202302,6832,+42.989919,-088.231214,55133202302
1290,55,133,202400,5003,+42.994787,-088.213851,55133202400
1291,55,133,202500,3998,+43.005736,-088.211968,55133202500
1292,55,133,202600,3498,+43.006067,-088.230772,55133202600
1293,55,133,202700,1552,+43.012104,-088.230882,55133202700
1294,55,133,202800,4219,+43.017922,-088.216946,55133202800
1295,55,133,202901,4452,+43.031544,-088.195892,55133202901
1296,55,133,202902,3513,+43.022723,-088.182379,55133202902
1297,55,133,203000,2641,+43.026055,-088.230636,55133203000
1298,55,133,203101,6536,+43.039810,-088.274376,55133203101
1299,55,133,203102,6701,+43.022132,-088.265321,55133203102
1300,55,133,203103,4528,+43.021901,-088.246667,55133203103
1301,55,133,203200,4106,+43.068337,-088.314392,55133203200
1302,55,133,203303,3749,+43.097102,-088.281934,55133203303
1303,55,133,203304,4037,+43.094818,-088.235763,55133203304
1304,55,133,203305,4328,+43.065758,-088.276010,55133203305
1305,55,133,203306,5889,+43.074024,-088.229315,55133203306
1306,55,133,203402,4011,+43.124975,-088.226593,55133203402
1307,55,133,203403,5504,+43.151834,-088.204212,55133203403
1308,55,133,203404,3035,+43.133880,-088.224794,55133203404
1309,55,133,203405,4139,+43.140574,-088.309241,55133203405
1310,55,133,203406,6425,+43.158985,-088.254883,55133203406
1311,55,133,203500,6563,+43.151780,-088.348985,55133203500
1312,55,133,203601,4102,+43.110597,-088.343598,55133203601
1313,55,133,203602,5897,+43.095383,-088.334684,55133203602
1314,55,133,203702,5046,+43.035301,-088.376577,55133203702
1315,55,133,203703,3819,+43.078906,-088.405641,55133203703
1316,55,133,203704,4469,+43.069067,-088.376962,55133203704
1317,55,133,203802,6145,+42.896877,-088.382277,55133203802
1318,55,133,203803,3945,+42.945229,-088.394864,55133203803
1319,55,133,203804,7210,+42.991961,-088.339926,55133203804
1320,55,133,203901,4532,+42.864942,-088.345847,55133203901
1321,55,133,203902,4308,+42.869683,-088.320082,55133203902
1322,55,133,204002,5479,+42.876784,-088.461782,55133204002
1323,55,133,204003,3826,+43.007075,-088.483876,55133204003
1324,55,133,204004,4379,+42.977514,-088.433768,55133204004
1325,55,133,204100,5032,+43.057317,-088.463619,55133204100
1326,55,133,204200,7197,+43.102716,-088.512081,55133204200
1327,55,133,204301,4852,+43.121560,-088.487107,55133204301
1328,55,133,204302,3755,+43.096310,-088.484773,55133204302
1329,55,133,204400,2079,+43.128031,-088.516775,55133204400
1330,55,133,204501,2495,+43.164936,-088.456015,55133204501
1331,55,133,204502,6061,+43.122308,-088.434411,55133204502
1332,55,135,100100,3857,+44.652482,-088.796984,55135100100
1333,55,135,100200,2813,+44.580544,-088.936457,55135100200
1334,55,135,100300,3847,+44.502856,-089.144972,55135100300
1335,55,135,100400,4413,+44.470644,-088.961225,55135100400
1336,55,135,100500,3020,+44.356238,-089.152786,55135100500
1337,55,135,100600,5148,+44.305577,-089.120975,55135100600
1338,55,135,100700,3359,+44.329626,-088.960886,55135100700
1339,55,135,100800,4711,+44.306248,-088.811593,55135100800
1340,55,135,100900,6103,+44.386519,-088.747601,55135100900
1341,55,135,101000,6242,+44.354990,-089.087072,55135101000
1342,55,135,101100,4988,+44.623092,-088.762841,55135101100
1343,55,135,101200,3909,+44.413860,-088.843356,55135101200
1344,55,137,960100,2927,+44.173731,-088.997049,55137960100
1345,55,137,960200,3841,+44.139615,-089.139285,55137960200
1346,55,137,960300,3249,+44.198601,-089.393364,55137960300
1347,55,137,960400,3456,+44.067770,-089.485347,55137960400
1348,55,137,960600,2049,+44.029604,-089.205853,55137960600
1349,55,137,960700,4459,+44.038403,-089.067148,55137960700
1350,55,137,960800,4515,+44.071239,-089.295051,55137960800
1351,55,139,000100,2935,+44.014024,-088.524106,55139000100
1352,55,139,000200,2559,+44.021682,-088.528854,55139000200
1353,55,139,000300,4151,+44.038875,-088.522691,55139000300
1354,55,139,000400,2701,+44.039507,-088.536066,55139000400
1355,55,139,000500,6131,+44.024641,-088.538732,55139000500
1356,55,139,000700,5503,+44.026339,-088.549046,55139000700
1357,55,139,000800,3117,+44.035661,-088.551700,55139000800
1358,55,139,000900,3276,+44.045335,-088.554356,55139000900
1359,55,139,001000,2718,+44.029947,-088.571968,55139001000
1360,55,139,001100,4215,+44.018301,-088.572541,55139001100
1361,55,139,001200,2028,+44.012773,-088.553321,55139001200
1362,55,139,001300,2664,+44.007952,-088.561992,55139001300
1363,55,139,001400,3983,+44.000140,-088.556755,55139001400
1364,55,139,001500,3168,+43.998377,-088.539857,55139001500
1365,55,139,001600,4039,+44.075647,-088.523342,55139001600
1366,55,139,001700,5310,+44.074233,-088.563786,55139001700
1367,55,139,001801,5493,+44.003713,-088.600444,55139001801
1368,55,139,001803,5737,+44.020123,-088.600960,55139001803
1369,55,139,001804,4475,+44.039801,-088.615308,55139001804
1370,55,139,001900,5016,+43.946983,-088.545399,55139001900
1371,55,139,002000,6932,+44.017924,-088.715646,55139002000
1372,55,139,002100,3572,+44.033803,-088.818605,55139002100
1373,55,139,002201,4733,+44.113014,-088.699201,55139002201
1374,55,139,002202,2952,+44.197735,-088.742184,55139002202
1375,55,139,002300,5288,+44.177308,-088.568818,55139002300
1376,55,139,002400,9874,+44.222893,-088.489809,55139002400
1377,55,139,002500,5045,+44.239508,-088.417121,55139002500
1378,55,139,002601,3916,+44.222028,-088.439630,55139002601
1379,55,139,002602,4543,+44.223388,-088.414943,55139002602
1380,55,139,002700,2504,+44.212306,-088.445569,55139002700
1381,55,139,002800,4594,+44.209790,-088.426759,55139002800
1382,55,139,002900,2341,+44.203474,-088.449515,55139002900
1383,55,139,003000,1601,+44.196074,-088.445647,55139003000
1384,55,139,003100,2108,+44.191259,-088.450688,55139003100
1385,55,139,003200,2305,+44.177231,-088.453706,55139003200
1386,55,139,003300,2816,+44.179068,-088.464580,55139003300
1387,55,139,003400,3911,+44.182165,-088.478270,55139003400
1388,55,139,003500,3064,+44.164006,-088.470925,55139003500
1389,55,139,003600,4138,+44.164093,-088.454077,55139003600
1390,55,139,003701,3690,+44.165757,-088.492521,55139003701
1391,55,139,003702,7848,+44.157459,-088.490886,55139003702
1392,55,141,010100,4710,+44.595474,-089.975681,55141010100
1393,55,141,010200,4967,+44.662829,-090.137231,55141010200
1394,55,141,010300,2963,+44.664548,-090.169162,55141010300
1395,55,141,010400,3400,+44.649506,-090.167505,55141010400
1396,55,141,010500,3311,+44.658718,-090.189621,55141010500
1397,55,141,010600,4469,+44.673926,-090.181567,55141010600
1398,55,141,010700,5076,+44.609707,-090.206064,55141010700
1399,55,141,010800,2888,+44.432789,-090.156629,55141010800
1400,55,141,010900,4088,+44.408702,-089.959950,55141010900
1401,55,141,011000,5695,+44.401081,-089.798942,55141011000
1402,55,141,011100,3523,+44.436094,-089.823468,55141011100
1403,55,141,011200,3911,+44.386749,-089.851314,55141011200
1404,55,141,011300,4607,+44.372894,-089.825334,55141011300
1405,55,141,011400,5308,+44.374947,-089.807733,55141011400
1406,55,141,011500,5945,+44.359714,-089.761118,55141011500
1407,55,141,011600,5148,+44.304087,-089.811748,55141011600
1408,55,141,011700,4740,+44.329248,-089.889926,55141011700
